Crop,Crop_Year,Season,Area,Production,Annual_Rainfall,Fertilizer,Pesticide,Yield,Severity Value,AVERAGE MEAN
Arhar/Tur,1997,Autumn,25621,6487,1496.6,2438350.57,7942.51,0.202777778,2,24.11
Arhar/Tur,1997,Summer,86559,16414,1496.6,8237820.03,26833.29,0.216785714,2,24.11
Arhar/Tur,1997,Winter,116553,23305,1496.6,11092349.01,36131.43,0.198928571,2,24.11
Groundnut,1997,Autumn,37462,34433,1496.6,3565258.54,11613.22,0.840434783,2,24.11
Groundnut,1997,Summer,39729,48815,1496.6,3781008.93,12315.99,1.211071429,2,24.11
Groundnut,1997,Winter,8157,8905,1496.6,776301.69,2528.67,0.884782609,2,24.11
Horse-gram,1997,Summer,952,253,1496.6,90601.84,295.12,0.274444444,2,24.11
Horse-gram,1997,Winter,114779,32809,1496.6,10923517.43,35581.49,0.303448276,2,24.11
Jute,1997,Autumn,92010,123210,1496.6,8756591.7,28523.1,1.215,2,24.11
Maize,1997,Autumn,51349,63331,1496.6,4886884.33,15918.19,0.812,2,24.11
Maize,1997,Summer,1164,978,1496.6,110777.88,360.84,0.945714286,2,24.11
Maize,1997,Winter,144,136,1496.6,13704.48,44.64,0.9925,2,24.11
Potato,1997,Whole Year,8887,87413,1496.6,845775.79,2754.97,8.774,2,24.11
Ragi,1997,Autumn,41987,26885,1496.6,3995902.79,13015.97,0.464615385,2,24.11
Ragi,1997,Summer,603,429,1496.6,57387.51,186.93,0.576153846,2,24.11
Ragi,1997,Winter,37191,19693,1496.6,3539467.47,11529.21,0.488125,2,24.11
Sesamum,1997,Autumn,7286,1626,1496.6,693408.62,2258.66,0.212352941,2,24.11
Sesamum,1997,Summer,16106,4065,1496.6,1532808.02,4992.86,0.259583333,2,24.11
Sesamum,1997,Winter,48551,8316,1496.6,4620598.67,15050.81,0.17,2,24.11
Sugarcane,1997,Winter,18682,1144012,1496.6,1777965.94,5791.42,55.64206897,2,24.11
Urad,1997,Autumn,32111,8536,1496.6,3056003.87,9954.41,0.233181818,2,24.11
Urad,1997,Summer,2077,480,1496.6,197668.09,643.87,0.277826087,2,24.11
Urad,1997,Winter,118618,38610,1496.6,11288875.06,36771.58,0.261333333,2,24.11
Wheat,1997,Rabi,5162,6360,1496.6,491267.54,1600.22,0.856666667,2,24.11
Groundnut,1998,Autumn,32001,27051,1357.1,3161698.8,9280.29,0.742608696,3,24.99
Groundnut,1998,Summer,45581,39912,1357.1,4503402.8,13218.49,1.031,3,24.99
Groundnut,1998,Winter,5987,5184,1357.1,591515.6,1736.23,0.94,3,24.99
Horse-gram,1998,Summer,528,81,1357.1,52166.4,153.12,0.105714286,3,24.99
Horse-gram,1998,Winter,96407,23838,1357.1,9525011.6,27958.03,0.250666667,3,24.99
Jute,1998,Autumn,5313,41593,1357.1,524924.4,1540.77,6.449090909,3,24.99
Maize,1998,Autumn,50230,65866,1357.1,4962724,14566.7,0.838846154,3,24.99
Maize,1998,Summer,276,240,1357.1,27268.8,80.04,0.94125,3,24.99
Maize,1998,Winter,417,247,1357.1,41199.6,120.93,0.717142857,3,24.99
Moong(Green Gram),1998,Autumn,21845,5123,1357.1,2158286,6335.05,0.174210526,3,24.99
Moong(Green Gram),1998,Summer,92720,22077,1357.1,9160736,26888.8,0.253793103,3,24.99
Moong(Green Gram),1998,Winter,106933,17537,1357.1,10564980.4,31010.57,0.136296296,3,24.99
Potato,1998,Winter,7955,92624,1357.1,785954,2306.95,9.830666667,3,24.99
Ragi,1998,Autumn,41039,27015,1357.1,4054653.2,11901.31,0.408,3,24.99
Ragi,1998,Summer,861,596,1357.1,85066.8,249.69,0.476363636,3,24.99
Ragi,1998,Winter,39112,24271,1357.1,3864265.6,11342.48,0.539047619,3,24.99
Rapeseed &Mustard,1998,Winter,19021,2376,1357.1,1879274.8,5516.09,0.113,3,24.99
Rice,1998,Autumn,819731,501365,1357.1,80989422.8,237721.99,0.837666667,3,24.99
Rice,1998,Summer,268081,506455,1357.1,26486402.8,77743.49,1.582666667,3,24.99
Rice,1998,Winter,3358901,4383502,1357.1,331859418.8,974081.29,1.342333333,3,24.99
Sesamum,1998,Autumn,7694,1269,1357.1,760167.2,2231.26,0.182941176,3,24.99
Sesamum,1998,Summer,7864,1683,1357.1,776963.2,2280.56,0.203703704,3,24.99
Sesamum,1998,Winter,37995,6669,1357.1,3753906,11018.55,0.1668,3,24.99
Sugarcane,1998,Winter,22325,1469529,1357.1,2205710,6474.25,58.57666667,3,24.99
Urad,1998,Autumn,35494,9030,1357.1,3506807.2,10293.26,0.1888,3,24.99
Urad,1998,Summer,2544,529,1357.1,251347.2,737.76,0.240454545,3,24.99
Urad,1998,Winter,100561,28577,1357.1,9935426.8,29162.69,0.222666667,3,24.99
Wheat,1998,Summer,3868,4441,1357.1,382158.4,1121.72,1.108,3,24.99
Arhar/Tur,1999,Kharif,136080,85500,1484.3,14442170.4,36741.6,0.642,4,24.88
Bajra,1999,Kharif,4010,2350,1484.3,425581.3,1082.7,0.586363636,4,24.88
Castor seed,1999,Kharif,12160,6260,1484.3,1290540.8,3283.2,0.5032,4,24.88
Castor seed,1999,Rabi,9720,4800,1484.3,1031583.6,2624.4,0.649230769,4,24.88
Coriander,1999,Rabi,25170,10330,1484.3,2671292.1,6795.9,0.439655172,4,24.88
Cotton(lint),1999,Kharif,38120,61030,1484.3,4045675.6,10292.4,1.215714286,4,24.88
Dry chillies,1999,Kharif,44090,38300,1484.3,4679271.7,11904.3,0.832,4,24.88
Dry chillies,1999,Rabi,57420,49620,1484.3,6093984.6,15503.4,0.827333333,4,24.88
Garlic,1999,Rabi,17610,52280,1484.3,1868949.3,4754.7,2.941,4,24.88
Ginger,1999,Kharif,13070,25930,1484.3,1387119.1,3528.9,1.975714286,4,24.88
Gram,1999,Rabi,33610,20310,1484.3,3567029.3,9074.7,0.513703704,4,24.88
Groundnut,1999,Kharif,100440,103490,1484.3,10659697.2,27118.8,1.105555556,4,24.88
Groundnut,1999,Rabi,150020,256770,1484.3,15921622.6,40505.4,1.517857143,4,24.88
Horse-gram,1999,Rabi,290330,96910,1484.3,30812722.9,78389.1,0.330869565,4,24.88
Jowar,1999,Kharif,13760,8280,1484.3,1460348.8,3715.2,0.582,4,24.88
Jute,1999,Kharif,13890,91740,1484.3,1474145.7,3750.3,5.435,4,24.88
Linseed,1999,Rabi,27450,10590,1484.3,2913268.5,7411.5,0.516470588,4,24.88
Maize,1999,Kharif,165330,206370,1484.3,17546472.9,44639.1,1.160333333,4,24.88
Maize,1999,Rabi,8270,10280,1484.3,877695.1,2232.9,1.395357143,4,24.88
Masoor,1999,Rabi,15610,7360,1484.3,1656689.3,4214.7,0.401666667,4,24.88
Mesta,1999,Kharif,30370,129640,1484.3,3223168.1,8199.9,3.855555556,4,24.88
Moong(Green Gram),1999,Kharif,149000,51470,1484.3,15813370,40230,0.355384615,4,24.88
Moong(Green Gram),1999,Rabi,441000,175720,1484.3,46803330,119070,0.371333333,4,24.88
Niger seed,1999,Kharif,118030,38670,1484.3,12526523.9,31868.1,0.376428571,4,24.88
Niger seed,1999,Rabi,19010,7020,1484.3,2017531.3,5132.7,0.397142857,4,24.88
Onion,1999,Whole Year,46400,368350,1484.3,4924432,12528,7.043,4,24.88
Potato,1999,Whole Year,8740,91050,1484.3,927576.2,2359.8,9.781851852,4,24.88
Ragi,1999,Kharif,202170,146790,1484.3,21456302.1,54585.9,0.615357143,4,24.88
Ragi,1999,Rabi,6790,6860,1484.3,720622.7,1833.3,0.783636364,4,24.88
Rapeseed &Mustard,1999,Rabi,125200,41040,1484.3,13287476,33804,0.338333333,4,24.88
Rice,1999,Autumn,797000,743000,1484.3,84585610,215190,0.971333333,4,24.88
Rice,1999,Summer,381810,912040,1484.3,40521495.3,103088.7,2.073333333,4,24.88
Rice,1999,Winter,3423000,3532000,1484.3,363282990,924210,1.142666667,4,24.88
Safflower,1999,Rabi,2400,1150,1484.3,254712,648,0.374,4,24.88
Sannhamp,1999,Whole Year,11450,37050,1484.3,1215188.5,3091.5,3.852,4,24.88
Sesamum,1999,Kharif,203000,64050,1484.3,21544390,54810,0.362857143,4,24.88
Sesamum,1999,Rabi,73980,26690,1484.3,7851497.4,19974.6,0.372857143,4,24.88
Small millets,1999,Kharif,41960,18850,1484.3,4453214.8,11329.2,0.417894737,4,24.88
Soyabean,1999,Kharif,60,10,1484.3,6367.8,16.2,0.17,4,24.88
Sugarcane,1999,Winter,30970,1826930,1484.3,3286846.1,8361.9,60.69166667,4,24.88
Sunflower,1999,Kharif,570,330,1484.3,60494.1,153.9,0.476666667,4,24.88
Sunflower,1999,Rabi,8780,7120,1484.3,931821.4,2370.6,0.71962963,4,24.88
Sweet potato,1999,Kharif,34100,292450,1484.3,3619033,9207,8.429642857,4,24.88
Sweet potato,1999,Rabi,9780,68770,1484.3,1037951.4,2640.6,7.766153846,4,24.88
Tobacco,1999,Whole Year,7430,4590,1484.3,788545.9,2006.1,0.558181818,4,24.88
Turmeric,1999,Kharif,28120,61180,1484.3,2984375.6,7592.4,1.9832,4,24.88
Urad,1999,Kharif,198000,71940,1484.3,21013740,53460,0.386666667,4,24.88
Urad,1999,Rabi,285970,105570,1484.3,30349996.1,77211.9,0.366333333,4,24.88
Wheat,1999,Rabi,18540,24850,1484.3,1967650.2,5005.8,1.351333333,4,24.88
Arhar/Tur,2000,Kharif,149140,97170,1066,14641073.8,38776.4,0.639666667,3,24.8
Arhar/Tur,2000,Rabi,50,30,1066,4908.5,13,0.585,3,24.8
Bajra,2000,Kharif,4120,2350,1066,404460.4,1071.2,0.564,3,24.8
Castor seed,2000,Kharif,9710,5050,1066,953230.7,2524.6,0.5196,3,24.8
Castor seed,2000,Rabi,8650,3940,1066,849170.5,2249,0.506923077,3,24.8
Coriander,2000,Whole Year,13370,6550,1066,1312532.9,3476.2,0.482222222,3,24.8
Cotton(lint),2000,Kharif,39160,65090,1066,3844337.2,10181.6,1.654,3,24.8
Dry chillies,2000,Whole Year,69650,58950,1066,6837540.5,18109,0.838,3,24.8
Garlic,2000,Whole Year,9000,28280,1066,883530,2340,3.123,3,24.8
Ginger,2000,Kharif,12060,23840,1066,1183930.2,3135.6,1.962142857,3,24.8
Gram,2000,Rabi,20630,12760,1066,2025247.1,5363.8,0.528666667,3,24.8
Groundnut,2000,Kharif,72357,57475,1066,7103286.69,18812.82,0.885666667,3,24.8
Horse-gram,2000,Kharif,75996,14594,1066,7460527.32,19758.96,0.217931034,3,24.8
Jowar,2000,Kharif,13000,7480,1066,1276210,3380,0.598,3,24.8
Jute,2000,Kharif,13850,106680,1066,1359654.5,3601,5.8825,3,24.8
Linseed,2000,Rabi,20630,7460,1066,2025247.1,5363.8,0.361875,3,24.8
Maize,2000,Kharif,54371,68866,1066,5337601.07,14136.46,0.8808,3,24.8
Mesta,2000,Kharif,23880,102620,1066,2344299.6,6208.8,3.9072,3,24.8
Moong(Green Gram),2000,Kharif,147440,29290,1066,14474184.8,38334.4,0.21,3,24.8
Niger seed,2000,Kharif,126530,29980,1066,12421450.1,32897.8,0.342307692,3,24.8
Niger seed,2000,Rabi,31500,9030,1066,3092355,8190,0.384545455,3,24.8
Onion,2000,Whole Year,27400,229420,1066,2689858,7124,7.385666667,3,24.8
Other  Rabi pulses,2000,Rabi,2180,1090,1066,214010.6,566.8,0.514444444,3,24.8
Other Kharif pulses,2000,Kharif,26610,14510,1066,2612303.7,6918.6,0.520714286,3,24.8
Potato,2000,Whole Year,8251,85872,1066,810000.67,2145.26,9.321071429,3,24.8
Ragi,2000,Kharif,83981,46554,1066,8244414.77,21835.06,0.424230769,3,24.8
Rapeseed &Mustard,2000,Rabi,12395,1649,1066,1216817.15,3222.7,0.132758621,3,24.8
Rice,2000,Autumn,854570,464250,1066,83893136.9,222188.2,0.733666667,3,24.8
Rice,2000,Summer,206730,441540,1066,20294684.1,53749.8,1.685333333,3,24.8
Rice,2000,Winter,3372220,3707590,1066,331050837.4,876777.2,1.020666667,3,24.8
Safflower,2000,Rabi,1390,780,1066,136456.3,361.4,0.546,3,24.8
Sannhamp,2000,Whole Year,11160,42290,1066,1095577.2,2901.6,4.0725,3,24.8
Sesamum,2000,Kharif,50502,6737,1066,4957781.34,13130.52,0.182,3,24.8
Small millets,2000,Kharif,40520,15630,1066,3977848.4,10535.2,0.411666667,3,24.8
Sugarcane,2000,Whole Year,16775,963917,1066,1646801.75,4361.5,51.06793103,3,24.8
Sunflower,2000,Kharif,830,480,1066,81481.1,215.8,0.58,3,24.8
Sunflower,2000,Rabi,4250,3110,1066,417222.5,1105,0.643928571,3,24.8
Sweet potato,2000,Whole Year,37670,272050,1066,3698063.9,9794.2,7.797666667,3,24.8
Tobacco,2000,Whole Year,3380,1560,1066,331814.6,878.8,0.454166667,3,24.8
Turmeric,2000,Whole Year,25310,60630,1066,2484682.7,6580.6,2.341923077,3,24.8
Urad,2000,Kharif,109101,27258,1066,10710445.17,28366.26,0.215666667,3,24.8
Wheat,2000,Rabi,8819,12904,1066,865761.23,2292.94,1.201538462,3,24.8
Arhar/Tur,2001,Kharif,126080,81340,1672.5,12876550.4,32780.8,0.696666667,2,24.93
Arhar/Tur,2001,Rabi,290,160,1672.5,29617.7,75.4,0.616666667,2,24.93
Bajra,2001,Kharif,4010,2270,1672.5,409541.3,1042.6,0.555,2,24.93
Castor seed,2001,Kharif,8670,4310,1672.5,885467.1,2254.2,0.520909091,2,24.93
Castor seed,2001,Rabi,9220,5020,1672.5,941638.6,2397.2,0.5328,2,24.93
Coriander,2001,Whole Year,12910,5970,1672.5,1318498.3,3356.6,0.449666667,2,24.93
Dry chillies,2001,Whole Year,70030,59180,1672.5,7152163.9,18207.8,0.844666667,2,24.93
Garlic,2001,Whole Year,8950,28280,1672.5,914063.5,2327,3.164666667,2,24.93
Ginger,2001,Kharif,13040,25210,1672.5,1331775.2,3390.4,1.808666667,2,24.93
Gram,2001,Rabi,29520,19180,1672.5,3014877.6,7675.2,0.514642857,2,24.93
Groundnut,2001,Kharif,61067,59904,1672.5,6236772.71,15877.42,0.966666667,2,24.93
Horse-gram,2001,Kharif,91171,28017,1672.5,9311294.23,23704.46,0.315172414,2,24.93
Jowar,2001,Kharif,12260,7090,1672.5,1252113.8,3187.6,0.607894737,2,24.93
Jute,2001,Kharif,4612,37776,1672.5,471023.56,1199.12,8.092222222,2,24.93
Linseed,2001,Rabi,23080,8530,1672.5,2357160.4,6000.8,0.355333333,2,24.93
Maize,2001,Kharif,51428,46658,1672.5,5252341.64,13371.28,0.714615385,2,24.93
Masoor,2001,Rabi,8790,3250,1672.5,897722.7,2285.4,0.364,2,24.93
Moong(Green Gram),2001,Kharif,212511,51097,1672.5,21703748.43,55252.86,0.235666667,2,24.93
Niger seed,2001,Kharif,115170,26960,1672.5,11762312.1,29944.2,0.283076923,2,24.93
Niger seed,2001,Rabi,28290,8860,1672.5,2889257.7,7355.4,0.365833333,2,24.93
Onion,2001,Whole Year,19410,173430,1672.5,1982343.3,5046.6,8.714333333,2,24.93
Other  Rabi pulses,2001,Rabi,35620,21120,1672.5,3637870.6,9261.2,0.62,2,24.93
Other Kharif pulses,2001,Kharif,21440,10630,1672.5,2189667.2,5574.4,0.47125,2,24.93
Potato,2001,Whole Year,7580,78049,1672.5,774145.4,1970.8,9.565714286,2,24.93
Ragi,2001,Kharif,76262,45077,1672.5,7788638.06,19828.12,0.489166667,2,24.93
Rapeseed &Mustard,2001,Rabi,14159,2224,1672.5,1446058.67,3681.34,0.139310345,2,24.93
Rice,2001,Kharif,4500000,7220000,1672.5,459585000,1170000,1.583666667,2,24.93
Safflower,2001,Rabi,3950,2190,1672.5,403413.5,1027,0.4905,2,24.93
Sesamum,2001,Kharif,51573,11341,1672.5,5267150.49,13408.98,0.225,2,24.93
Small millets,2001,Kharif,42360,20120,1672.5,4326226.8,11013.6,0.426875,2,24.93
Sugarcane,2001,Whole Year,10988,644007,1672.5,1122204.44,2856.88,52.85172414,2,24.93
Sunflower,2001,Kharif,460,200,1672.5,46979.8,119.6,0.568,2,24.93
Sunflower,2001,Rabi,8940,6850,1672.5,913042.2,2324.4,0.664814815,2,24.93
Sweet potato,2001,Whole Year,38480,312850,1672.5,3929962.4,10004.8,8.193666667,2,24.93
Tobacco,2001,Whole Year,5680,3580,1672.5,580098.4,1476.8,0.524,2,24.93
Turmeric,2001,Whole Year,26420,59240,1672.5,2698274.6,6869.2,2.108,2,24.93
Urad,2001,Kharif,148934,44552,1672.5,15210629.42,38722.84,0.255333333,2,24.93
Wheat,2001,Rabi,6976,10565,1672.5,712458.88,1813.76,1.1288,2,24.93
Arhar/Tur,2002,Kharif,114190,73450,1102.8,10810367.3,28547.5,0.665862069,3,25.2
Arhar/Tur,2002,Rabi,70,50,1102.8,6626.9,17.5,0.65,3,25.2
Bajra,2002,Kharif,3760,1820,1102.8,355959.2,940,0.528333333,3,25.2
Castor seed,2002,Kharif,7830,3610,1102.8,741266.1,1957.5,0.463913043,3,25.2
Castor seed,2002,Rabi,6400,2750,1102.8,605888,1600,0.489166667,3,25.2
Coriander,2002,Whole Year,18880,8950,1102.8,1787369.6,4720,0.472333333,3,25.2
Dry chillies,2002,Whole Year,74970,62910,1102.8,7097409.9,18742.5,0.834333333,3,25.2
Garlic,2002,Whole Year,10700,33830,1102.8,1012969,2675,3.16,3,25.2
Ginger,2002,Kharif,15340,29490,1102.8,1452237.8,3835,1.828,3,25.2
Gram,2002,Rabi,21040,13020,1102.8,1991856.8,5260,0.489310345,3,25.2
Groundnut,2002,Kharif,56137,48835,1102.8,5314489.79,14034.25,0.863,3,25.2
Horse-gram,2002,Kharif,75952,14322,1102.8,7190375.84,18988,0.222666667,3,25.2
Jowar,2002,Kharif,11000,5720,1102.8,1041370,2750,0.5605,3,25.2
Jute,2002,Kharif,5610,51209,1102.8,531098.7,1402.5,8.91875,3,25.2
Linseed,2002,Rabi,16530,5410,1102.8,1564895.1,4132.5,0.329285714,3,25.2
Maize,2002,Kharif,43100,42400,1102.8,4080277,10775,0.9248,3,25.2
Masoor,2002,Rabi,3810,1400,1102.8,360692.7,952.5,0.36,3,25.2
Moong(Green Gram),2002,Kharif,168305,38348,1102.8,15933434.35,42076.25,0.205666667,3,25.2
Niger seed,2002,Kharif,98060,15560,1102.8,9283340.2,24515,0.247272727,3,25.2
Niger seed,2002,Rabi,19930,5810,1102.8,1886773.1,4982.5,0.330909091,3,25.2
Onion,2002,Whole Year,26410,238790,1102.8,2500234.7,6602.5,8.852666667,3,25.2
Other  Rabi pulses,2002,Rabi,26900,15730,1102.8,2546623,6725,0.592962963,3,25.2
Other Kharif pulses,2002,Kharif,20790,10461,1102.8,1968189.3,5197.5,0.455555556,3,25.2
Potato,2002,Whole Year,7076,70320,1102.8,669884.92,1769,8.908214286,3,25.2
Ragi,2002,Kharif,77095,35504,1102.8,7298583.65,19273.75,0.387692308,3,25.2
Rapeseed &Mustard,2002,Rabi,12193,1604,1102.8,1154311.31,3048.25,0.118333333,3,25.2
Rice,2002,Kharif,4273000,3278000,1102.8,404524910,1068250,0.753333333,3,25.2
Safflower,2002,Rabi,1250,500,1102.8,118337.5,312.5,0.51,3,25.2
Sesamum,2002,Kharif,43471,7022,1102.8,4115399.57,10867.75,0.203448276,3,25.2
Small millets,2002,Kharif,30440,11440,1102.8,2881754.8,7610,0.394705882,3,25.2
Sugarcane,2002,Whole Year,14177,753194,1102.8,1342136.59,3544.25,52.07642857,3,25.2
Sunflower,2002,Kharif,50,30,1102.8,4733.5,12.5,0.666666667,3,25.2
Sunflower,2002,Rabi,3860,2610,1102.8,365426.2,965,0.599655172,3,25.2
Sweet potato,2002,Whole Year,46890,384260,1102.8,4439076.3,11722.5,8.228666667,3,25.2
Tobacco,2002,Whole Year,4090,2600,1102.8,387200.3,1022.5,0.522222222,3,25.2
Turmeric,2002,Whole Year,23640,33700,1102.8,2237998.8,5910,2.164827586,3,25.2
Urad,2002,Kharif,117293,27067,1102.8,11104128.31,29323.25,0.202333333,3,25.2
Wheat,2002,Rabi,4627,5767,1102.8,438038.09,1156.75,1.133636364,3,25.2
Arhar/Tur,2003,Kharif,136540,95590,1648.2,13514729.2,32769.6,0.682068966,2,24.93
Bajra,2003,Kharif,3270,1720,1648.2,323664.6,784.8,0.538333333,2,24.93
Castor seed,2003,Kharif,10900,5590,1648.2,1078882,2616,0.480769231,2,24.93
Castor seed,2003,Rabi,6830,3050,1648.2,676033.4,1639.2,0.486,2,24.93
Coriander,2003,Whole Year,19010,9000,1648.2,1881609.8,4562.4,0.480666667,2,24.93
Dry chillies,2003,Whole Year,75040,63180,1648.2,7427459.2,18009.6,0.838666667,2,24.93
Garlic,2003,Whole Year,10850,34320,1648.2,1073933,2604,3.144666667,2,24.93
Ginger,2003,Kharif,15480,30020,1648.2,1532210.4,3715.2,1.810333333,2,24.93
Gram,2003,Rabi,28570,17670,1648.2,2827858.6,6856.8,0.505172414,2,24.93
Groundnut,2003,Kharif,77176,93133,1648.2,7638880.48,18522.24,1.084,2,24.93
Horse-gram,2003,Kharif,87826,24752,1648.2,8693017.48,21078.24,0.293103448,2,24.93
Jowar,2003,Kharif,11090,6380,1648.2,1097688.2,2661.6,0.604,2,24.93
Jute,2003,Kharif,2590,18148,1648.2,256358.2,621.6,7.076666667,2,24.93
Linseed,2003,Rabi,18240,7180,1648.2,1805395.2,4377.6,0.33,2,24.93
Maize,2003,Kharif,55549,78744,1648.2,5498240.02,13331.76,0.887307692,2,24.93
Maize,2003,Rabi,13760,18180,1648.2,1361964.8,3302.4,1.32,2,24.93
Masoor,2003,Rabi,5860,2430,1648.2,580022.8,1406.4,0.4025,2,24.93
Moong(Green Gram),2003,Kharif,257261,60081,1648.2,25463693.78,61742.64,0.229333333,2,24.93
Niger seed,2003,Kharif,110640,25660,1648.2,10951147.2,26553.6,0.277,2,24.93
Niger seed,2003,Rabi,19610,6170,1648.2,1940997.8,4706.4,0.38,2,24.93
Onion,2003,Whole Year,26550,240340,1648.2,2627919,6372,8.845666667,2,24.93
Other  Rabi pulses,2003,Rabi,35250,20190,1648.2,3489045,8460,0.582592593,2,24.93
Other Kharif pulses,2003,Kharif,27280,15020,1648.2,2700174.4,6547.2,0.506428571,2,24.93
Potato,2003,Whole Year,7303,75823,1648.2,722850.94,1752.72,9.688965517,2,24.93
Ragi,2003,Kharif,70490,44575,1648.2,6977100.2,16917.6,0.4768,2,24.93
Rapeseed &Mustard,2003,Rabi,15907,3065,1648.2,1574474.86,3817.68,0.169310345,2,24.93
Rice,2003,Kharif,4501000,6801000,1648.2,445508980,1080240,1.516333333,2,24.93
Safflower,2003,Rabi,1620,710,1648.2,160347.6,388.8,0.42875,2,24.93
Sesamum,2003,Kharif,37716,7776,1648.2,3733129.68,9051.84,0.219333333,2,24.93
Small millets,2003,Kharif,26570,11510,1648.2,2629898.6,6376.8,0.435789474,2,24.93
Sugarcane,2003,Whole Year,14565,858096,1648.2,1441643.7,3495.6,54.54655172,2,24.93
Sunflower,2003,Kharif,820,470,1648.2,81163.6,196.8,0.608461538,2,24.93
Sunflower,2003,Rabi,5230,3920,1648.2,517665.4,1255.2,0.647931034,2,24.93
Sweet potato,2003,Whole Year,47030,393560,1648.2,4655029.4,11287.2,8.454333333,2,24.93
Tobacco,2003,Whole Year,5310,3490,1648.2,525583.8,1274.4,0.537,2,24.93
Turmeric,2003,Whole Year,23780,56420,1648.2,2353744.4,5707.2,2.241,2,24.93
Urad,2003,Kharif,135994,36794,1648.2,13460686.12,32638.56,0.256333333,2,24.93
Wheat,2003,Rabi,5129,7517,1648.2,507668.42,1230.96,1.377407407,2,24.93
Bajra,2004,Kharif,3155,1609,1290.4,341812.7,662.55,0.499230769,2,25.03
Castor seed,2004,Kharif,11117,5670,1290.4,1204415.78,2334.57,0.461071429,2,25.03
Castor seed,2004,Rabi,6956,3510,1290.4,753613.04,1460.76,0.446666667,2,25.03
Coriander,2004,Whole Year,19060,9107,1290.4,2064960.4,4002.6,0.482333333,2,25.03
Dry chillies,2004,Whole Year,76113,63240,1290.4,8246082.42,15983.73,0.830666667,2,25.03
Garlic,2004,Whole Year,11044,34918,1290.4,1196506.96,2319.24,3.158,2,25.03
Ginger,2004,Kharif,15674,30368,1290.4,1698121.16,3291.54,1.825666667,2,25.03
Gram,2004,Rabi,31811,19941,1290.4,3446403.74,6680.31,0.536,2,25.03
Groundnut,2004,Autumn,30494,25117,1290.4,3303719.96,6403.74,0.715769231,2,25.03
Groundnut,2004,Summer,54029,74074,1290.4,5853501.86,11346.09,1.136551724,2,25.03
Groundnut,2004,Winter,3187,3522,1290.4,345279.58,669.27,1.036842105,2,25.03
Horse-gram,2004,Summer,240,62,1290.4,26001.6,50.4,0.21,2,25.03
Horse-gram,2004,Winter,78105,20792,1290.4,8461895.7,16402.05,0.301666667,2,25.03
Jowar,2004,Kharif,10071,5451,1290.4,1091092.14,2114.91,0.5245,2,25.03
Jute,2004,Autumn,2520,24728,1290.4,273016.8,529.2,8.1725,2,25.03
Linseed,2004,Rabi,22376,8529,1290.4,2424215.84,4698.96,0.355625,2,25.03
Maize,2004,Autumn,58692,94954,1290.4,6358691.28,12325.32,1.0572,2,25.03
Maize,2004,Summer,2071,4226,1290.4,224372.14,434.91,1.267727273,2,25.03
Maize,2004,Winter,1575,3107,1290.4,170635.5,330.75,1.461538462,2,25.03
Masoor,2004,Rabi,10400,4130,1290.4,1126736,2184,0.393333333,2,25.03
Moong(Green Gram),2004,Autumn,18750,4373,1290.4,2031375,3937.5,0.171176471,2,25.03
Moong(Green Gram),2004,Summer,111395,35257,1290.4,12068534.3,23392.95,0.275,2,25.03
Moong(Green Gram),2004,Winter,82486,16515,1290.4,8936533.24,17322.06,0.196666667,2,25.03
Niger seed,2004,Rabi,123617,33969,1290.4,13392665.78,25959.57,0.31,2,25.03
Onion,2004,Whole Year,26684,241852,1290.4,2890944.56,5603.64,8.963333333,2,25.03
Other  Rabi pulses,2004,Rabi,41790,25599,1290.4,4527528.6,8775.9,0.598666667,2,25.03
Potato,2004,Winter,8506,80770,1290.4,921540.04,1786.26,8.655,2,25.03
Ragi,2004,Autumn,24161,15814,1290.4,2617602.74,5073.81,0.548571429,2,25.03
Ragi,2004,Summer,261,213,1290.4,28276.74,54.81,0.802,2,25.03
Ragi,2004,Winter,39385,24820,1290.4,4266970.9,8270.85,0.472142857,2,25.03
Rapeseed &Mustard,2004,Winter,15863,3029,1290.4,1718597.42,3331.23,0.159,2,25.03
Rice,2004,Autumn,824000,677000,1290.4,89272160,173040,0.98,2,25.03
Rice,2004,Summer,293000,652000,1290.4,31743620,61530,1.938148148,2,25.03
Rice,2004,Winter,3375000,5207000,1290.4,365647500,708750,1.511333333,2,25.03
Safflower,2004,Rabi,1804,1092,1290.4,195445.36,378.84,0.498,2,25.03
Sesamum,2004,Autumn,4001,978,1290.4,433468.34,840.21,0.199375,2,25.03
Sesamum,2004,Summer,8284,2187,1290.4,897488.56,1739.64,0.283076923,2,25.03
Sesamum,2004,Winter,36428,7719,1290.4,3946609.52,7649.88,0.164583333,2,25.03
Small millets,2004,Kharif,24875,11098,1290.4,2694957.5,5223.75,0.453684211,2,25.03
Sugarcane,2004,Winter,14486,926085,1290.4,1569413.24,3042.06,56.76321429,2,25.03
Sunflower,2004,Rabi,7578,5845,1290.4,821000.52,1591.38,0.65137931,2,25.03
Sweet potato,2004,Whole Year,47112,394287,1290.4,5104114.08,9893.52,8.469666667,2,25.03
Tobacco,2004,Whole Year,4760,3247,1290.4,515698.4,999.6,0.561,2,25.03
Turmeric,2004,Whole Year,23860,56768,1290.4,2584992.4,5010.6,2.249333333,2,25.03
Urad,2004,Autumn,27222,5867,1290.4,2949231.48,5716.62,0.199047619,2,25.03
Urad,2004,Summer,4605,1886,1290.4,498905.7,967.05,0.289,2,25.03
Urad,2004,Winter,92216,24915,1290.4,9990681.44,19365.36,0.230344828,2,25.03
Wheat,2004,Summer,4054,5313,1290.4,439210.36,851.34,1.266071429,2,25.03
Groundnut,2005,Autumn,34909,28983,1503.4,4186287.28,7330.89,0.706,2,24.77
Groundnut,2005,Summer,52720,74525,1503.4,6322182.4,11071.2,1.252758621,2,24.77
Groundnut,2005,Winter,3171,2831,1503.4,380266.32,665.91,0.913157895,2,24.77
Horse-gram,2005,Summer,439,83,1503.4,52644.88,92.19,0.217777778,2,24.77
Horse-gram,2005,Winter,75000,20905,1503.4,8994000,15750,0.287666667,2,24.77
Jute,2005,Autumn,2724,24644,1503.4,326662.08,572.04,8.301428571,2,24.77
Maize,2005,Autumn,56216,85608,1503.4,6741422.72,11805.36,0.9388,2,24.77
Maize,2005,Summer,1585,3455,1503.4,190073.2,332.85,1.497142857,2,24.77
Maize,2005,Winter,5786,12841,1503.4,693857.12,1215.06,1.32,2,24.77
Moong(Green Gram),2005,Autumn,20063,4344,1503.4,2405954.96,4213.23,0.175333333,2,24.77
Moong(Green Gram),2005,Summer,132266,42509,1503.4,15861338.72,27775.86,0.2875,2,24.77
Moong(Green Gram),2005,Winter,104909,19319,1503.4,12580687.28,22030.89,0.239259259,2,24.77
Potato,2005,Winter,8305,75078,1503.4,995935.6,1744.05,8.475517241,2,24.77
Ragi,2005,Autumn,26366,16419,1503.4,3161810.72,5536.86,0.526842105,2,24.77
Ragi,2005,Summer,226,180,1503.4,27101.92,47.46,0.693333333,2,24.77
Ragi,2005,Winter,38975,23717,1503.4,4673882,8184.75,0.476470588,2,24.77
Rapeseed &Mustard,2005,Winter,17401,3330,1503.4,2086727.92,3654.21,0.172333333,2,24.77
Rice,2005,Autumn,781000,681000,1503.4,93657520,164010,1.016428571,2,24.77
Rice,2005,Summer,325000,702000,1503.4,38974000,68250,2.04,2,24.77
Rice,2005,Winter,3373000,5475000,1503.4,404490160,708330,1.639666667,2,24.77
Sesamum,2005,Autumn,3014,417,1503.4,361438.88,632.94,0.171176471,2,24.77
Sesamum,2005,Summer,10331,2788,1503.4,1238893.52,2169.51,0.284615385,2,24.77
Sesamum,2005,Winter,41341,9837,1503.4,4957612.72,8681.61,0.21125,2,24.77
Sugarcane,2005,Winter,16332,1073011,1503.4,1958533.44,3429.72,57.81310345,2,24.77
Urad,2005,Autumn,27147,5411,1503.4,3255468.24,5700.87,0.202380952,2,24.77
Urad,2005,Summer,6116,2458,1503.4,733430.72,1284.36,0.33,2,24.77
Urad,2005,Winter,100077,25771,1503.4,12001233.84,21016.17,0.252666667,2,24.77
Wheat,2005,Summer,3276,4486,1503.4,392857.92,687.96,1.2124,2,24.77
Groundnut,2006,Autumn,32928,28796,1716.9,4205234.88,7244.16,0.781666667,2,25.03
Groundnut,2006,Summer,42429,54800,1716.9,5418607.59,9334.38,1.179285714,2,25.03
Groundnut,2006,Winter,3535,4056,1716.9,451454.85,777.7,0.965789474,2,25.03
Horse-gram,2006,Summer,197,25,1716.9,25158.87,43.34,0.242857143,2,25.03
Horse-gram,2006,Winter,73305,21142,1716.9,9361781.55,16127.1,0.300666667,2,25.03
Jute,2006,Autumn,4858,47835,1716.9,620415.18,1068.76,8.724285714,2,25.03
Maize,2006,Autumn,53460,82868,1716.9,6827376.6,11761.2,0.964583333,2,25.03
Maize,2006,Summer,1916,4497,1716.9,244692.36,421.52,1.6265,2,25.03
Maize,2006,Winter,5894,15471,1716.9,752722.74,1296.68,1.662857143,2,25.03
Moong(Green Gram),2006,Autumn,22715,5201,1716.9,2900932.65,4997.3,0.20125,2,25.03
Moong(Green Gram),2006,Summer,127125,34313,1716.9,16235133.75,27967.5,0.278275862,2,25.03
Moong(Green Gram),2006,Winter,85385,17673,1716.9,10904518.35,18784.7,0.23862069,2,25.03
Potato,2006,Winter,8176,79316,1716.9,1044156.96,1798.72,8.693793103,2,25.03
Ragi,2006,Autumn,24822,15419,1716.9,3170017.62,5460.84,0.5665,2,25.03
Ragi,2006,Summer,274,202,1716.9,34992.54,60.28,0.59,2,25.03
Ragi,2006,Winter,39905,27462,1716.9,5096267.55,8779.1,0.522666667,2,25.03
Rapeseed &Mustard,2006,Winter,15161,2578,1716.9,1936211.31,3335.42,0.154,2,25.03
Rice,2006,Autumn,757000,765000,1716.9,96676470,166540,1.056785714,2,25.03
Rice,2006,Summer,315000,720000,1716.9,40228650,69300,2.012,2,25.03
Rice,2006,Winter,3379000,5338000,1716.9,431532090,743380,1.580333333,2,25.03
Sesamum,2006,Autumn,3320,612,1716.9,423997.2,730.4,0.184705882,2,25.03
Sesamum,2006,Summer,9607,2417,1716.9,1226909.97,2113.54,0.272916667,2,25.03
Sesamum,2006,Winter,37416,7638,1716.9,4778397.36,8231.52,0.184166667,2,25.03
Sugarcane,2006,Winter,20095,1274372,1716.9,2566332.45,4420.9,58.80103448,2,25.03
Urad,2006,Autumn,27628,5991,1716.9,3528371.88,6078.16,0.235,2,25.03
Urad,2006,Summer,6118,2164,1716.9,781329.78,1345.96,0.300588235,2,25.03
Urad,2006,Winter,92126,28531,1716.9,11765411.46,20267.72,0.285666667,2,25.03
Wheat,2006,Summer,3913,5802,1716.9,499729.23,860.86,1.303076923,2,25.03
Groundnut,2007,Autumn,31474,30635,1633.8,4198631.6,5035.84,0.812083333,3,25.06
Groundnut,2007,Summer,50530,69544,1633.8,6740702,8084.8,1.252142857,3,25.06
Groundnut,2007,Winter,2094,2406,1633.8,279339.6,335.04,1.054,3,25.06
Horse-gram,2007,Summer,152,42,1633.8,20276.8,24.32,0.226666667,3,25.06
Horse-gram,2007,Winter,71956,21084,1633.8,9598930.4,11512.96,0.306666667,3,25.06
Jute,2007,Autumn,5818,49836,1633.8,776121.2,930.88,8.147777778,3,25.06
Maize,2007,Autumn,64690,122879,1633.8,8629646,10350.4,1.096923077,3,25.06
Maize,2007,Summer,2874,6495,1633.8,383391.6,459.84,1.383043478,3,25.06
Maize,2007,Winter,6505,17797,1633.8,867767,1040.8,1.561333333,3,25.06
Moong(Green Gram),2007,Autumn,23687,5930,1633.8,3159845.8,3789.92,0.199375,3,25.06
Moong(Green Gram),2007,Summer,148138,38981,1633.8,19761609.2,23702.08,0.288928571,3,25.06
Moong(Green Gram),2007,Winter,86079,18188,1633.8,11482938.6,13772.64,0.254074074,3,25.06
Potato,2007,Winter,8514,94255,1633.8,1135767.6,1362.24,9.788,3,25.06
Ragi,2007,Autumn,26217,17357,1633.8,3497347.8,4194.72,0.541,3,25.06
Ragi,2007,Summer,484,428,1633.8,64565.6,77.44,0.78,3,25.06
Ragi,2007,Winter,40826,28992,1633.8,5446188.4,6532.16,0.522307692,3,25.06
Rapeseed &Mustard,2007,Winter,15884,3232,1633.8,2118925.6,2541.44,0.190689655,3,25.06
Rice,2007,Autumn,742000,814000,1633.8,98982800,118720,1.082857143,3,25.06
Rice,2007,Summer,334000,816000,1633.8,44555600,53440,2.108928571,3,25.06
Rice,2007,Winter,3376000,5910000,1633.8,450358400,540160,1.747,3,25.06
Sesamum,2007,Autumn,4528,766,1633.8,604035.2,724.48,0.197058824,3,25.06
Sesamum,2007,Summer,13819,3181,1633.8,1843454.6,2211.04,0.2736,3,25.06
Sesamum,2007,Winter,30132,6220,1633.8,4019608.8,4821.12,0.1825,3,25.06
Sugarcane,2007,Winter,19819,1069228,1633.8,2643854.6,3171.04,52.94266667,3,25.06
Urad,2007,Autumn,32628,7455,1633.8,4352575.2,5220.48,0.222916667,3,25.06
Urad,2007,Summer,9397,3568,1633.8,1253559.8,1503.52,0.276521739,3,25.06
Urad,2007,Winter,106962,35299,1633.8,14268730.8,17113.92,0.297333333,3,25.06
Wheat,2007,Summer,5548,8721,1633.8,740103.2,887.68,1.398,3,25.06
Groundnut,2008,Autumn,32265,31406,1539,4615185.6,2903.85,0.79,2,24.82
Groundnut,2008,Summer,49116,62791,1539,7025552.64,4420.44,1.197586207,2,24.82
Groundnut,2008,Winter,2065,2289,1539,295377.6,185.85,1.129545455,2,24.82
Horse-gram,2008,Summer,94,25,1539,13445.76,8.46,0.242,2,24.82
Horse-gram,2008,Winter,58696,16093,1539,8395875.84,5282.64,0.304666667,2,24.82
Jute,2008,Autumn,2429,19892,1539,347444.16,218.61,7.437142857,2,24.82
Maize,2008,Autumn,64461,128056,1539,9220501.44,5801.49,1.1028,2,24.82
Maize,2008,Summer,2249,5960,1539,321696.96,202.41,1.528888889,2,24.82
Maize,2008,Winter,307,676,1539,43913.28,27.63,1.625333333,2,24.82
Moong(Green Gram),2008,Autumn,22676,5300,1539,3243575.04,2040.84,0.184285714,2,24.82
Moong(Green Gram),2008,Summer,125260,36512,1539,17917190.4,11273.4,0.2825,2,24.82
Moong(Green Gram),2008,Winter,85557,18854,1539,12238073.28,7700.13,0.265357143,2,24.82
Potato,2008,Winter,7315,75577,1539,1046337.6,658.35,9.706896552,2,24.82
Ragi,2008,Autumn,26091,17371,1539,3732056.64,2348.19,0.573,2,24.82
Ragi,2008,Summer,289,230,1539,41338.56,26.01,0.7,2,24.82
Ragi,2008,Winter,39333,23440,1539,5626192.32,3539.97,0.563333333,2,24.82
Rapeseed &Mustard,2008,Winter,13736,2527,1539,1964797.44,1236.24,0.166206897,2,24.82
Rice,2008,Autumn,707000,735000,1539,101129280,63630,1.062142857,2,24.82
Rice,2008,Summer,331000,811000,1539,47346240,29790,2.051538462,2,24.82
Rice,2008,Winter,3417000,5266000,1539,488767680,307530,1.545333333,2,24.82
Sesamum,2008,Autumn,3550,485,1539,507792,319.5,0.156875,2,24.82
Sesamum,2008,Summer,5755,1455,1539,823195.2,517.95,0.278695652,2,24.82
Sesamum,2008,Winter,28319,5310,1539,4050749.76,2548.71,0.19625,2,24.82
Sugarcane,2008,Winter,10763,646243,1539,1539539.52,968.67,53.25,2,24.82
Urad,2008,Autumn,28830,6823,1539,4123843.2,2594.7,0.24125,2,24.82
Urad,2008,Summer,9669,3745,1539,1383053.76,870.21,0.31,2,24.82
Urad,2008,Winter,90687,26672,1539,12971868.48,8161.83,0.266551724,2,24.82
Wheat,2008,Summer,5267,7386,1539,753391.68,474.03,1.3836,2,24.82
Groundnut,2009,Autumn,30731,28876,1330.3,4788504.42,5224.27,0.813913043,3,25.57
Groundnut,2009,Summer,41875,55890,1330.3,6524962.5,7118.75,1.205517241,3,25.57
Groundnut,2009,Winter,3685,4440,1330.3,574196.7,626.45,1.126666667,3,25.57
Horse-gram,2009,Summer,276,74,1330.3,43006.32,46.92,0.2175,3,25.57
Horse-gram,2009,Winter,64317,19856,1330.3,10021874.94,10933.89,0.330333333,3,25.57
Jute,2009,Autumn,2935,30368,1330.3,457331.7,498.95,8.92,3,25.57
Maize,2009,Autumn,78682,169659,1330.3,12260229.24,13375.94,1.0184,3,25.57
Maize,2009,Summer,2265,5048,1330.3,352932.3,385.05,1.505217391,3,25.57
Maize,2009,Winter,211,302,1330.3,32878.02,35.87,1.5675,3,25.57
Moong(Green Gram),2009,Autumn,21731,4949,1330.3,3386124.42,3694.27,0.338,3,25.57
Moong(Green Gram),2009,Summer,147688,46492,1330.3,23012744.16,25106.96,0.296206897,3,25.57
Moong(Green Gram),2009,Winter,120690,27253,1330.3,18805915.8,20517.3,0.263703704,3,25.57
Potato,2009,Winter,7877,97000,1330.3,1227394.14,1339.09,11.02241379,3,25.57
Ragi,2009,Autumn,21856,13721,1330.3,3405601.92,3715.52,0.5895,3,25.57
Ragi,2009,Summer,225,205,1330.3,35059.5,38.25,0.6925,3,25.57
Ragi,2009,Winter,36949,23731,1330.3,5757393.18,6281.33,0.5675,3,25.57
Rapeseed &Mustard,2009,Winter,12841,2736,1330.3,2000884.62,2182.97,0.197241379,3,25.57
Rice,2009,Autumn,687000,618000,1330.3,107048340,116790,1.024074074,3,25.57
Rice,2009,Summer,265000,714000,1330.3,41292300,45050,2.163636364,3,25.57
Rice,2009,Winter,3413000,5581000,1330.3,531813660,580210,1.575666667,3,25.57
Sesamum,2009,Autumn,4560,785,1330.3,710539.2,775.2,0.197777778,3,25.57
Sesamum,2009,Summer,9198,2494,1330.3,1433232.36,1563.66,0.294347826,3,25.57
Sesamum,2009,Winter,31783,7216,1330.3,4952427.06,5403.11,0.213478261,3,25.57
Sugarcane,2009,Winter,7968,489941,1330.3,1241573.76,1354.56,54.9762069,3,25.57
Urad,2009,Autumn,29523,6514,1330.3,4600273.86,5018.91,0.26,3,25.57
Urad,2009,Summer,7333,2477,1330.3,1142628.06,1246.61,0.263,3,25.57
Urad,2009,Winter,93222,30271,1330.3,14525852.04,15847.74,0.299655172,3,25.57
Wheat,2009,Summer,3994,5782,1330.3,622345.08,678.98,1.3456,3,25.57
Groundnut,2010,Autumn,32004,30732,1291.9,5316184.44,7680.96,0.849565217,3,25.51
Groundnut,2010,Summer,37698,51336,1291.9,6262014.78,9047.52,1.247586207,3,25.51
Groundnut,2010,Winter,3074,3604,1291.9,510622.14,737.76,1.071333333,3,25.51
Horse-gram,2010,Summer,404,120,1291.9,67108.44,96.96,0.28,3,25.51
Horse-gram,2010,Winter,69005,22093,1291.9,11462420.55,16561.2,0.318965517,3,25.51
Jute,2010,Autumn,3181,36337,1291.9,528395.91,763.44,10.50428571,3,25.51
Maize,2010,Autumn,111982,284745,1291.9,18601330.02,26875.68,1.3952,3,25.51
Maize,2010,Summer,4454,12540,1291.9,739853.94,1068.96,1.8296,3,25.51
Maize,2010,Winter,740,1529,1291.9,122921.4,177.6,1.978666667,3,25.51
Moong(Green Gram),2010,Autumn,25378,6479,1291.9,4215539.58,6090.72,0.21375,3,25.51
Moong(Green Gram),2010,Summer,184234,61251,1291.9,30603109.74,44216.16,0.291034483,3,25.51
Moong(Green Gram),2010,Winter,78502,17381,1291.9,13039967.22,18840.48,0.248076923,3,25.51
Potato,2010,Winter,6528,76208,1291.9,1084366.08,1566.72,10.70074074,3,25.51
Ragi,2010,Autumn,27570,19424,1291.9,4579652.7,6616.8,0.6125,3,25.51
Ragi,2010,Summer,328,276,1291.9,54484.08,78.72,0.854285714,3,25.51
Ragi,2010,Winter,38276,27206,1291.9,6358026.36,9186.24,0.618333333,3,25.51
Rapeseed &Mustard,2010,Winter,15925,3345,1291.9,2645301.75,3822,0.18137931,3,25.51
Rice,2010,Autumn,678000,563000,1291.9,112622580,162720,0.939642857,3,25.51
Rice,2010,Summer,293000,863000,1291.9,48670230,70320,2.1024,3,25.51
Rice,2010,Winter,3255000,5398000,1291.9,540688050,781200,1.633,3,25.51
Sesamum,2010,Autumn,6354,1280,1291.9,1055462.94,1524.96,0.205555556,3,25.51
Sesamum,2010,Summer,7833,2092,1291.9,1301139.63,1879.92,0.324583333,3,25.51
Sesamum,2010,Winter,37563,8219,1291.9,6239589.93,9015.12,0.193478261,3,25.51
Sugarcane,2010,Winter,13142,902700,1291.9,2183017.62,3154.08,62.2525,3,25.51
Urad,2010,Autumn,35912,8515,1291.9,5965342.32,8618.88,0.230909091,3,25.51
Urad,2010,Summer,8014,2980,1291.9,1331205.54,1923.36,0.360416667,3,25.51
Urad,2010,Winter,89773,28134,1291.9,14912193.03,21545.52,0.280333333,3,25.51
Wheat,2010,Summer,2857,4176,1291.9,474576.27,685.68,1.3396,3,25.51
Groundnut,2011,Autumn,27791,22556,1346.2,4655548.32,9171.03,0.765454545,3,24.88
Groundnut,2011,Summer,36351,54008,1346.2,6089519.52,11995.83,1.411034483,3,24.88
Groundnut,2011,Winter,2140,2274,1346.2,358492.8,706.2,1.038,3,24.88
Horse-gram,2011,Summer,90,27,1346.2,15076.8,29.7,0.25,3,24.88
Horse-gram,2011,Winter,44164,10668,1346.2,7398353.28,14574.12,0.254137931,3,24.88
Jute,2011,Autumn,3910,32084,1346.2,655003.2,1290.3,9.218571429,3,24.88
Maize,2011,Autumn,98714,202050,1346.2,16536569.28,32575.62,1.3072,3,24.88
Maize,2011,Summer,3971,9914,1346.2,665221.92,1310.43,2.039130435,3,24.88
Maize,2011,Winter,177,227,1346.2,29651.04,58.41,1.776153846,3,24.88
Moong(Green Gram),2011,Autumn,24786,5254,1346.2,4152150.72,8179.38,0.190769231,3,24.88
Moong(Green Gram),2011,Summer,147141,47584,1346.2,24649060.32,48556.53,0.2925,3,24.88
Moong(Green Gram),2011,Winter,41861,8498,1346.2,7012554.72,13814.13,0.294814815,3,24.88
Niger seed,2011,Winter,31844,4770,1346.2,5334506.88,10508.52,0.124545455,3,24.88
Potato,2011,Winter,5779,63010,1346.2,968098.08,1907.07,10.49888889,3,24.88
Ragi,2011,Autumn,20228,12871,1346.2,3388594.56,6675.24,0.548235294,3,24.88
Ragi,2011,Summer,114,81,1346.2,19097.28,37.62,0.673333333,3,24.88
Ragi,2011,Winter,34666,17961,1346.2,5807248.32,11439.78,0.42,3,24.88
Rapeseed &Mustard,2011,Winter,10335,2194,1346.2,1731319.2,3410.55,0.191428571,3,24.88
Rice,2011,Autumn,536000,418000,1346.2,89790720,176880,0.8,3,24.88
Rice,2011,Summer,236000,755000,1346.2,39534720,77880,2.363913043,3,24.88
Rice,2011,Winter,3233000,4633000,1346.2,541592160,1066890,1.405333333,3,24.88
Sesamum,2011,Autumn,4517,745,1346.2,756687.84,1490.61,0.182,3,24.88
Sesamum,2011,Summer,5247,1549,1346.2,878977.44,1731.51,0.304347826,3,24.88
Sesamum,2011,Winter,16749,2507,1346.2,2805792.48,5527.17,0.176086957,3,24.88
Sugarcane,2011,Winter,14499,884716,1346.2,2428872.48,4784.67,59.61214286,3,24.88
Urad,2011,Autumn,29714,6032,1346.2,4977689.28,9805.62,0.20952381,3,24.88
Urad,2011,Summer,5980,2073,1346.2,1001769.6,1973.4,0.270434783,3,24.88
Urad,2011,Winter,76386,21975,1346.2,12796182.72,25207.38,0.253103448,3,24.88
Wheat,2011,Summer,1461,2396,1346.2,244746.72,482.13,1.39,3,24.88
Groundnut,2012,Autumn,25179,26492,1430.2,3796993.2,7805.49,1.015652174,3,24.83
Groundnut,2012,Summer,38683,52029,1430.2,5833396.4,11991.73,1.300344828,3,24.83
Groundnut,2012,Winter,2487,3136,1430.2,375039.6,770.97,1.155294118,3,24.83
Horse-gram,2012,Summer,61,19,1430.2,9198.8,18.91,0.28,3,24.83
Horse-gram,2012,Winter,48249,17465,1430.2,7275949.2,14957.19,0.363448276,3,24.83
Jute,2012,Autumn,1776,3112,1430.2,267820.8,550.56,1.694285714,3,24.83
Maize,2012,Autumn,90572,216990,1430.2,13658257.6,28077.32,1.4536,3,24.83
Maize,2012,Summer,3578,10000,1430.2,539562.4,1109.18,1.860909091,3,24.83
Maize,2012,Winter,331,483,1430.2,49914.8,102.61,2.008461538,3,24.83
Moong(Green Gram),2012,Autumn,21882,5999,1430.2,3299805.6,6783.42,0.242857143,3,24.83
Moong(Green Gram),2012,Summer,159285,54343,1430.2,24020178,49378.35,0.360357143,3,24.83
Moong(Green Gram),2012,Winter,99426,27442,1430.2,14993440.8,30822.06,0.322,3,24.83
Potato,2012,Winter,5324,65017,1430.2,802859.2,1650.44,11.66964286,3,24.83
Ragi,2012,Autumn,17502,12599,1430.2,2639301.6,5425.62,0.632,3,24.83
Ragi,2012,Summer,119,94,1430.2,17945.2,36.89,0.833333333,3,24.83
Ragi,2012,Winter,39551,31335,1430.2,5964290.8,12260.81,0.682727273,3,24.83
Rapeseed &Mustard,2012,Winter,14631,4031,1430.2,2206354.8,4535.61,0.238275862,3,24.83
Rice,2012,Autumn,561000,970000,1430.2,84598800,173910,1.56,3,24.83
Rice,2012,Summer,8629000,868000,1430.2,1301253200,2674990,0.077333333,3,24.83
Rice,2012,Winter,3188000,7658000,1430.2,480750400,988280,2.490666667,3,24.83
Sesamum,2012,Autumn,3270,581,1430.2,493116,1013.7,0.226666667,3,24.83
Sesamum,2012,Summer,3008,965,1430.2,453606.4,932.48,0.338695652,3,24.83
Sesamum,2012,Winter,15445,3773,1430.2,2329106,4787.95,0.263636364,3,24.83
Sugarcane,2012,Winter,14530,952370,1430.2,2191124,4504.3,67.76214286,3,24.83
Urad,2012,Autumn,27091,7941,1430.2,4085322.8,8398.21,0.2775,3,24.83
Urad,2012,Summer,5021,1901,1430.2,757166.8,1556.51,0.400555556,3,24.83
Urad,2012,Winter,79881,27544,1430.2,12046054.8,24763.11,0.336785714,3,24.83
Wheat,2012,Summer,1039,1974,1430.2,156681.2,322.09,1.622857143,3,24.83
Groundnut,2013,Autumn,24161,26412,1632.4,3491022.89,6523.47,0.964782609,4,24.71
Groundnut,2013,Summer,34063,58046,1632.4,4921762.87,9197.01,1.442413793,4,24.71
Groundnut,2013,Winter,1669,2311,1632.4,241153.81,450.63,1.251428571,4,24.71
Horse-gram,2013,Summer,62,21,1632.4,8958.38,16.74,0.38,4,24.71
Horse-gram,2013,Winter,42038,15031,1632.4,6074070.62,11350.26,0.33137931,4,24.71
Jute,2013,Autumn,1971,3566,1632.4,284789.79,532.17,1.82,4,24.71
Maize,2013,Autumn,91261,252778,1632.4,13186301.89,24640.47,1.566666667,4,24.71
Maize,2013,Summer,3591,10430,1632.4,518863.59,969.57,1.905454545,4,24.71
Maize,2013,Winter,278,420,1632.4,40168.22,75.06,1.802222222,4,24.71
Moong(Green Gram),2013,Autumn,24135,7728,1632.4,3487266.15,6516.45,0.2575,4,24.71
Moong(Green Gram),2013,Summer,137237,56544,1632.4,19829374.13,37053.99,0.398888889,4,24.71
Moong(Green Gram),2013,Winter,90618,24421,1632.4,13093394.82,24466.86,0.3176,4,24.71
Potato,2013,Winter,6151,71342,1632.4,888757.99,1660.77,11.84296296,4,24.71
Ragi,2013,Autumn,15768,11548,1632.4,2278318.32,4257.36,0.598,4,24.71
Ragi,2013,Summer,229,191,1632.4,33088.21,61.83,0.755714286,4,24.71
Ragi,2013,Winter,40637,34102,1632.4,5871640.13,10971.99,0.858333333,4,24.71
Rapeseed &Mustard,2013,Winter,13442,3617,1632.4,1942234.58,3629.34,0.231071429,4,24.71
Rice,2013,Autumn,582000,851000,1632.4,84093180,157140,1.2972,4,24.71
Rice,2013,Summer,300000,1025000,1632.4,43347000,81000,2.857307692,4,24.71
Rice,2013,Winter,3298000,5734000,1632.4,476528020,890460,1.853,4,24.71
Sesamum,2013,Autumn,2737,564,1632.4,395469.13,738.99,0.25,4,24.71
Sesamum,2013,Summer,4631,1210,1632.4,669133.19,1250.37,0.333478261,4,24.71
Sesamum,2013,Winter,16171,3838,1632.4,2336547.79,4366.17,0.231818182,4,24.71
Sugarcane,2013,Winter,14213,936514,1632.4,2053636.37,3837.51,62.18535714,4,24.71
Urad,2013,Autumn,27587,8298,1632.4,3986045.63,7448.49,0.253888889,4,24.71
Urad,2013,Summer,3008,1344,1632.4,434625.92,812.16,0.383125,4,24.71
Urad,2013,Winter,54210,16697,1632.4,7832802.9,14636.7,0.322758621,4,24.71
Wheat,2013,Summer,678,1069,1632.4,97964.22,183.06,1.665555556,4,24.71
Groundnut,2014,Autumn,20519,21179,1536.9,3097548.24,6771.27,1.088571429,4,24.86
Groundnut,2014,Summer,26407,38842,1536.9,3986400.72,8714.31,1.472857143,4,24.86
Groundnut,2014,Winter,1916,1936,1536.9,289239.36,632.28,1.179230769,4,24.86
Horse-gram,2014,Summer,118,40,1536.9,17813.28,38.94,0.368,4,24.86
Horse-gram,2014,Winter,38245,13177,1536.9,5773465.2,12620.85,0.343103448,4,24.86
Jute,2014,Autumn,1057,1718,1536.9,159564.72,348.81,1.55,4,24.86
Maize,2014,Autumn,89218,181982,1536.9,13468349.28,29441.94,1.46875,4,24.86
Maize,2014,Summer,2266,5918,1536.9,342075.36,747.78,2.085,4,24.86
Maize,2014,Winter,180,302,1536.9,27172.8,59.4,2.656363636,4,24.86
Moong(Green Gram),2014,Autumn,22009,4904,1536.9,3322478.64,7262.97,0.278888889,4,24.86
Moong(Green Gram),2014,Summer,175592,70272,1536.9,26507368.32,57945.36,0.391481481,4,24.86
Moong(Green Gram),2014,Winter,97798,29848,1536.9,14763586.08,32273.34,0.322857143,4,24.86
Potato,2014,Winter,8445,104081,1536.9,1274857.2,2786.85,12.0725,4,24.86
Ragi,2014,Autumn,15247,10806,1536.9,2301687.12,5031.51,0.638571429,4,24.86
Ragi,2014,Summer,286,260,1536.9,43174.56,94.38,0.728571429,4,24.86
Ragi,2014,Winter,35945,26950,1536.9,5426257.2,11861.85,0.682857143,4,24.86
Rapeseed &Mustard,2014,Winter,10119,2473,1536.9,1527564.24,3339.27,0.244137931,4,24.86
Rice,2014,Autumn,583000,1036000,1536.9,88009680,192390,1.599166667,4,24.86
Rice,2014,Summer,301000,1002000,1536.9,45438960,99330,2.62,4,24.86
Rice,2014,Winter,3282000,7802000,1536.9,495450720,1083060,2.379333333,4,24.86
Sesamum,2014,Autumn,3679,833,1536.9,555381.84,1214.07,0.25125,4,24.86
Sesamum,2014,Summer,4255,1278,1536.9,642334.8,1404.15,0.350434783,4,24.86
Sesamum,2014,Winter,17919,4546,1536.9,2705052.24,5913.27,0.2695,4,24.86
Sugarcane,2014,Winter,10047,722892,1536.9,1516695.12,3315.51,60.30111111,4,24.86
Urad,2014,Autumn,22843,5978,1536.9,3448379.28,7538.19,0.285,4,24.86
Urad,2014,Summer,2800,1120,1536.9,422688,924,0.402777778,4,24.86
Urad,2014,Winter,56121,20452,1536.9,8472026.16,18519.93,0.351034483,4,24.86
Wheat,2014,Summer,403,658,1536.9,60836.88,132.99,1.440625,4,24.86
Groundnut,2015,Autumn,16983,13595,1210.1,2681785.53,5604.39,0.985,3,24.98
Groundnut,2015,Summer,32819,40760,1210.1,5182448.29,10830.27,1.242758621,3,24.98
Groundnut,2015,Winter,1404,1812,1210.1,221705.64,463.32,1.170833333,3,24.98
Horse-gram,2015,Summer,156,27,1210.1,24633.96,51.48,0.18,3,24.98
Horse-gram,2015,Winter,33206,9416,1210.1,5243559.46,10957.98,0.356551724,3,24.98
Jute,2015,Autumn,1204,2617,1210.1,190123.64,397.32,1.901666667,3,24.98
Maize,2015,Autumn,52843,103999,1210.1,8344438.13,17438.19,1.629130435,3,24.98
Maize,2015,Summer,2489,6521,1210.1,393037.99,821.37,1.936111111,3,24.98
Maize,2015,Winter,255,458,1210.1,40267.05,84.15,2.528,3,24.98
Moong(Green Gram),2015,Autumn,19391,4715,1210.1,3062032.81,6399.03,0.231111111,3,24.98
Moong(Green Gram),2015,Summer,200039,65014,1210.1,31588158.49,66012.87,0.332413793,3,24.98
Moong(Green Gram),2015,Winter,70356,15494,1210.1,11109915.96,23217.48,0.249545455,3,24.98
Potato,2015,Winter,5626,57236,1210.1,888401.66,1856.58,9.88962963,3,24.98
Ragi,2015,Autumn,14230,8780,1210.1,2247059.3,4695.9,0.597857143,3,24.98
Ragi,2015,Summer,297,265,1210.1,46899.27,98.01,0.782857143,3,24.98
Ragi,2015,Winter,31166,19281,1210.1,4921423.06,10284.78,0.533,3,24.98
Rapeseed &Mustard,2015,Winter,7308,1497,1210.1,1154006.28,2411.64,0.206785714,3,24.98
Rice,2015,Autumn,541000,390000,1210.1,85429310,178530,0.864583333,3,24.98
Rice,2015,Summer,234000,782000,1210.1,36950940,77220,2.619090909,3,24.98
Rice,2015,Winter,3167000,4702000,1210.1,500100970,1045110,1.417666667,3,24.98
Sesamum,2015,Autumn,2959,623,1210.1,467255.69,976.47,0.258,3,24.98
Sesamum,2015,Summer,4633,1219,1210.1,731597.03,1528.89,0.309047619,3,24.98
Sesamum,2015,Winter,12434,2300,1210.1,1963452.94,4103.22,0.182,3,24.98
Sugarcane,2015,Winter,8962,577158,1210.1,1415189.42,2957.46,58.85428571,3,24.98
Urad,2015,Autumn,20281,5005,1210.1,3202572.71,6692.73,0.282142857,3,24.98
Urad,2015,Summer,7564,3170,1210.1,1194431.24,2496.12,0.388,3,24.98
Urad,2015,Winter,46473,16207,1210.1,7338551.43,15336.09,0.311481481,3,24.98
Wheat,2015,Summer,367,494,1210.1,57952.97,121.11,1.2675,3,24.98
Groundnut,2016,Autumn,21190,20029,1460.5,3247367.5,7416.5,0.982380952,3,25.36
Groundnut,2016,Summer,19389,29731,1460.5,2971364.25,6786.15,1.491851852,3,25.36
Groundnut,2016,Winter,4355,5469,1460.5,667403.75,1524.25,1.24875,3,25.36
Horse-gram,2016,Summer,40,15,1460.5,6130,14,0.3375,3,25.36
Horse-gram,2016,Winter,34046,14838,1460.5,5217549.5,11916.1,0.396071429,3,25.36
Jute,2016,Autumn,753,1264,1460.5,115397.25,263.55,1.741666667,3,25.36
Maize,2016,Autumn,68457,195388,1460.5,10491035.25,23959.95,1.746521739,3,25.36
Maize,2016,Summer,2589,7542,1460.5,396764.25,906.15,1.770769231,3,25.36
Maize,2016,Winter,1344,1736,1460.5,205968,470.4,1.541818182,3,25.36
Moong(Green Gram),2016,Autumn,40753,17849,1460.5,6245397.25,14263.55,0.60875,3,25.36
Moong(Green Gram),2016,Summer,157356,74083,1460.5,24114807,55074.6,0.461153846,3,25.36
Moong(Green Gram),2016,Winter,128055,41693,1460.5,19624428.75,44819.25,0.407916667,3,25.36
Niger seed,2016,Winter,15018,4616,1460.5,2301508.5,5256.3,0.288888889,3,25.36
Potato,2016,Winter,6524,82158,1460.5,999803,2283.4,12.69703704,3,25.36
Ragi,2016,Autumn,14266,9107,1460.5,2186264.5,4993.1,0.594117647,3,25.36
Ragi,2016,Summer,78,54,1460.5,11953.5,27.3,0.652857143,3,25.36
Ragi,2016,Winter,32617,23981,1460.5,4998555.25,11415.95,0.702727273,3,25.36
Rapeseed &Mustard,2016,Winter,9698,3354,1460.5,1486218.5,3394.3,0.293214286,3,25.36
Rice,2016,Autumn,511550,657520,1460.5,78395037.5,179042.5,1.444074074,3,25.36
Rice,2016,Summer,224780,793690,1460.5,34447535,78673,2.745333333,3,25.36
Rice,2016,Winter,3226450,8343100,1460.5,494453462.5,1129257.5,2.543,3,25.36
Sesamum,2016,Autumn,3571,1027,1460.5,547255.75,1249.85,0.270909091,3,25.36
Sesamum,2016,Summer,1435,439,1460.5,219913.75,502.25,0.408333333,3,25.36
Sesamum,2016,Winter,11000,3429,1460.5,1685750,3850,0.2825,3,25.36
Sugarcane,2016,Winter,5493,344294,1460.5,841802.25,1922.55,56.1604,3,25.36
Urad,2016,Autumn,27899,11114,1460.5,4275521.75,9764.65,0.46,3,25.36
Urad,2016,Summer,15269,8309,1460.5,2339974.25,5344.15,0.4775,3,25.36
Urad,2016,Winter,65569,29995,1460.5,10048449.25,22949.15,0.412068966,3,25.36
Wheat,2016,Summer,57,80,1460.5,8735.25,19.95,0.95,3,25.36
Groundnut,2017,Autumn,14414,12959,1344.4,2269340.16,5477.32,1.061111111,3,25.23
Groundnut,2017,Summer,17089,22355,1344.4,2690492.16,6493.82,1.498518519,3,25.23
Groundnut,2017,Winter,1817,2466,1344.4,286068.48,690.46,1.304375,3,25.23
Horse-gram,2017,Summer,373,142,1344.4,58725.12,141.74,0.45,3,25.23
Horse-gram,2017,Winter,25841,10641,1344.4,4068407.04,9819.58,0.383571429,3,25.23
Jute,2017,Autumn,947,2360,1344.4,149095.68,359.86,2.055,3,25.23
Maize,2017,Autumn,44436,111619,1344.4,6996003.84,16885.68,1.745714286,3,25.23
Maize,2017,Summer,2132,5803,1344.4,335662.08,810.16,2.552857143,3,25.23
Maize,2017,Winter,374,527,1344.4,58882.56,142.12,2.14625,3,25.23
Moong(Green Gram),2017,Autumn,26254,8381,1344.4,4133429.76,9976.52,0.383333333,3,25.23
Moong(Green Gram),2017,Summer,127403,57568,1344.4,20058328.32,48413.14,0.444814815,3,25.23
Moong(Green Gram),2017,Winter,82357,25559,1344.4,12966286.08,31295.66,0.419130435,3,25.23
Niger seed,2017,Winter,18348,5991,1344.4,2888709.12,6972.24,0.264444444,3,25.23
Potato,2017,Winter,3966,41812,1344.4,624407.04,1507.08,11.95545455,3,25.23
Ragi,2017,Autumn,10042,7679,1344.4,1581012.48,3815.96,0.573333333,3,25.23
Ragi,2017,Summer,110,75,1344.4,17318.4,41.8,0.643333333,3,25.23
Ragi,2017,Winter,32440,24893,1344.4,5107353.6,12327.2,0.635,3,25.23
Rapeseed &Mustard,2017,Winter,8650,2819,1344.4,1361856,3287,0.327916667,3,25.23
Rice,2017,Autumn,530320,576840,1344.4,83493580.8,201521.6,1.218928571,3,25.23
Rice,2017,Summer,221940,695400,1344.4,34942233.6,84337.2,2.673571429,3,25.23
Rice,2017,Winter,3014130,5279130,1344.4,474544627.2,1145369.4,1.747,3,25.23
Sesamum,2017,Autumn,2441,598,1344.4,384311.04,927.58,0.301818182,3,25.23
Sesamum,2017,Summer,1848,510,1344.4,290949.12,702.24,0.352941176,3,25.23
Sesamum,2017,Winter,10515,3030,1344.4,1655481.6,3995.7,0.268333333,3,25.23
Sugarcane,2017,Winter,3713,240245,1344.4,584574.72,1410.94,56.588,3,25.23
Urad,2017,Autumn,20431,6410,1344.4,3216656.64,7763.78,0.372307692,3,25.23
Urad,2017,Summer,13987,6963,1344.4,2202113.28,5315.06,0.413333333,3,25.23
Urad,2017,Winter,42760,15322,1344.4,6732134.4,16248.8,0.382413793,3,25.23
Wheat,2017,Summer,73,158,1344.4,11493.12,27.74,2.387142857,3,25.23
Groundnut,2018,Autumn,10974,11237,1635.9,1779982.8,3840.9,1.1135,3,25.11
Groundnut,2018,Summer,14924,21685,1635.9,2420672.8,5223.4,1.6984,3,25.11
Groundnut,2018,Winter,1977,2669,1635.9,320669.4,691.95,1.4975,3,25.11
Horse-gram,2018,Summer,38,14,1635.9,6163.6,13.3,0.35,3,25.11
Horse-gram,2018,Winter,23569,8680,1635.9,3822891.8,8249.15,0.379310345,3,25.11
Jute,2018,Autumn,200,313,1635.9,32440,70,1.54,3,25.11
Maize,2018,Autumn,49126,113342,1635.9,7968237.2,17194.1,1.665652174,3,25.11
Maize,2018,Summer,2855,7452,1635.9,463081,999.25,2.334615385,3,25.11
Maize,2018,Winter,67,164,1635.9,10867.4,23.45,2.231,3,25.11
Moong(Green Gram),2018,Autumn,10615,2798,1635.9,1721753,3715.25,0.418,3,25.11
Moong(Green Gram),2018,Summer,143548,50843,1635.9,23283485.6,50241.8,0.405555556,3,25.11
Moong(Green Gram),2018,Winter,62479,17222,1635.9,10134093.8,21867.65,0.332173913,3,25.11
Niger seed,2018,Winter,18987,5195,1635.9,3079691.4,6645.45,0.231111111,3,25.11
Potato,2018,Winter,4900,54455,1635.9,794780,1715,13.01730769,3,25.11
Ragi,2018,Autumn,8511,5827,1635.9,1380484.2,2978.85,0.640909091,3,25.11
Ragi,2018,Summer,212,132,1635.9,34386.4,74.2,0.768333333,3,25.11
Ragi,2018,Winter,27944,19356,1635.9,4532516.8,9780.4,0.538888889,3,25.11
Rapeseed &Mustard,2018,Winter,6019,1657,1635.9,976281.8,2106.65,0.271428571,3,25.11
Rice,2018,Autumn,454370,527490,1635.9,73698814,159029.5,1.322916667,3,25.11
Rice,2018,Summer,274230,925810,1635.9,44480106,95980.5,2.586071429,3,25.11
Rice,2018,Winter,3130820,6280410,1635.9,507819004,1095787,1.982333333,3,25.11
Sesamum,2018,Autumn,1592,490,1635.9,258222.4,557.2,0.287,3,25.11
Sesamum,2018,Summer,2229,449,1635.9,361543.8,780.15,0.282857143,3,25.11
Sesamum,2018,Winter,11056,2563,1635.9,1793283.2,3869.6,0.212777778,3,25.11
Sugarcane,2018,Winter,6778,417672,1635.9,1099391.6,2372.3,57.58454545,3,25.11
Urad,2018,Autumn,13720,3583,1635.9,2225384,4802,0.336666667,3,25.11
Urad,2018,Summer,4571,2336,1635.9,741416.2,1599.85,0.469090909,3,25.11
Urad,2018,Winter,39560,13123,1635.9,6416632,13846,0.352758621,3,25.11
Wheat,2018,Summer,147,268,1635.9,23843.4,51.45,1.825,3,25.11
Arhar/Tur,2019,Kharif,128630,144580,1593.9,22093488.8,47593.1,0.973461538,4,25.02
Bajra,2019,Kharif,1870,1160,1593.9,321191.2,691.9,0.678,4,25.02
Castor seed,2019,Kharif,4510,2910,1593.9,774637.6,1668.7,0.909,4,25.02
Castor seed,2019,Rabi,2280,1510,1593.9,391612.8,843.6,0.701538462,4,25.02
Coriander,2019,Rabi,19980,13140,1593.9,3431764.8,7392.6,0.614666667,4,25.02
Cotton(lint),2019,Kharif,169560,578500,1593.9,29123625.6,62737.2,3.399166667,4,25.02
Cowpea(Lobia),2019,Kharif,40330,30010,1593.9,6927080.8,14922.1,0.730666667,4,25.02
Cowpea(Lobia),2019,Rabi,27980,20670,1593.9,4805844.8,10352.6,0.7432,4,25.02
Dry chillies,2019,Kharif,24910,23360,1593.9,4278541.6,9216.7,0.938666667,4,25.02
Dry chillies,2019,Rabi,50090,65410,1593.9,8603458.4,18533.3,1.374,4,25.02
Garlic,2019,Rabi,13500,49530,1593.9,2318760,4995,4.251428571,4,25.02
Ginger,2019,Kharif,17140,228840,1593.9,2943966.4,6341.8,13.45275862,4,25.02
Gram,2019,Rabi,27820,21670,1593.9,4778363.2,10293.4,0.799285714,4,25.02
Groundnut,2019,Autumn,9663,11486,1593.9,1659716.88,3575.31,1.357894737,4,25.02
Groundnut,2019,Summer,18352,41013,1593.9,3152139.52,6790.24,1.848076923,4,25.02
Groundnut,2019,Winter,1422,2262,1593.9,244242.72,526.14,1.509090909,4,25.02
Horse-gram,2019,Summer,36,23,1593.9,6183.36,13.32,0.63,4,25.02
Horse-gram,2019,Winter,22722,8999,1593.9,3902730.72,8407.14,0.400344828,4,25.02
Jowar,2019,Kharif,5810,3680,1593.9,997925.6,2149.7,0.648,4,25.02
Jute,2019,Autumn,147,319,1593.9,25248.72,54.39,1.94,4,25.02
Linseed,2019,Rabi,10170,5040,1593.9,1746799.2,3762.9,0.519230769,4,25.02
Maize,2019,Autumn,61041,175675,1593.9,10484402.16,22585.17,2.048181818,4,25.02
Maize,2019,Summer,3934,13113,1593.9,675703.84,1455.58,2.243,4,25.02
Maize,2019,Winter,95,226,1593.9,16317.2,35.15,2.48125,4,25.02
Masoor,2019,Rabi,9340,4940,1593.9,1604238.4,3455.8,0.535714286,4,25.02
Mesta,2019,Kharif,4690,23420,1593.9,805554.4,1735.3,4.85,4,25.02
Moong(Green Gram),2019,Autumn,10656,3144,1593.9,1830274.56,3942.72,0.370909091,4,25.02
Moong(Green Gram),2019,Summer,169358,57566,1593.9,29088930.08,62662.46,0.431538462,4,25.02
Moong(Green Gram),2019,Winter,60116,20003,1593.9,10325524.16,22242.92,0.386818182,4,25.02
Niger seed,2019,Winter,15898,5699,1593.9,2730640.48,5882.26,0.287,4,25.02
Onion,2019,Rabi,35120,437140,1593.9,6032211.2,12994.4,12.21413793,4,25.02
Other  Rabi pulses,2019,Rabi,77940,37960,1593.9,13386974.4,28837.8,0.465909091,4,25.02
Other Kharif pulses,2019,Kharif,80810,36040,1593.9,13879925.6,29899.7,0.44,4,25.02
Peas & beans (Pulses),2019,Rabi,33400,25620,1593.9,5736784,12358,0.77,4,25.02
Potato,2019,Winter,4397,46961,1593.9,755228.72,1626.89,11.34730769,4,25.02
Ragi,2019,Autumn,9588,7154,1593.9,1646834.88,3547.56,0.620833333,4,25.02
Ragi,2019,Summer,381,288,1593.9,65440.56,140.97,0.613333333,4,25.02
Ragi,2019,Winter,25919,18778,1593.9,4451847.44,9590.03,0.5725,4,25.02
Rapeseed &Mustard,2019,Winter,6952,2039,1593.9,1194075.52,2572.24,0.263333333,4,25.02
Rice,2019,Autumn,426080,769480,1593.9,73183500.8,157649.6,1.8825,4,25.02
Rice,2019,Summer,292610,932910,1593.9,50258693.6,108265.7,2.796896552,4,25.02
Rice,2019,Winter,3222020,8052660,1593.9,553414155.2,1192147.4,2.564666667,4,25.02
Safflower,2019,Rabi,300,180,1593.9,51528,111,0.623333333,4,25.02
Sannhamp,2019,Kharif,4880,25590,1593.9,838188.8,1805.6,4.954,4,25.02
Sesamum,2019,Autumn,1935,594,1593.9,332355.6,715.95,0.428333333,4,25.02
Sesamum,2019,Summer,2603,570,1593.9,447091.28,963.11,0.293333333,4,25.02
Sesamum,2019,Winter,9457,2914,1593.9,1624334.32,3499.09,0.2275,4,25.02
Small millets,2019,Kharif,32870,16990,1593.9,5645751.2,12161.9,0.498125,4,25.02
Sugarcane,2019,Winter,8948,504870,1593.9,1536908.48,3310.76,56.56238095,4,25.02
Sunflower,2019,Kharif,630,470,1593.9,108208.8,233.1,0.8275,4,25.02
Sunflower,2019,Rabi,15930,20480,1593.9,2736136.8,5894.1,1.288333333,4,25.02
Sweet potato,2019,Kharif,36270,350740,1593.9,6229735.2,13419.9,9.507666667,4,25.02
Sweet potato,2019,Rabi,6610,59200,1593.9,1135333.6,2445.7,8.970909091,4,25.02
Tobacco,2019,Rabi,130,90,1593.9,22328.8,48.1,0.69,4,25.02
Turmeric,2019,Kharif,30000,60000,1593.9,5152800,11100,2.274482759,4,25.02
Urad,2019,Autumn,10170,2986,1593.9,1746799.2,3762.9,0.318181818,4,25.02
Urad,2019,Summer,8522,3212,1593.9,1463738.72,3153.14,0.409090909,4,25.02
Urad,2019,Winter,38948,15020,1593.9,6689708.48,14410.76,0.373076923,4,25.02
Wheat,2019,Summer,118,164,1593.9,20267.68,43.66,1.495,4,25.02
